Players,Champion,2nd,3rd,4th,5th,6th,7th,8th,9th,10th,Category,Participation,Total
"OBILLO, RHEYBELLE A.",1,,,1,,,,,,,1,1,47
"CORRE, JANN GIL",,1,,,,,,,,,,,20
"BALANAY, MARC FRANCIS",,,1,,,,,,,,,,15
"ERAMIS, ROJIE LYX",,,,1,,,,,,,,,10
"CLEMENTE, ROGELIO",,,,,1,,,,,,1,,13
"TABLAN, AUSTIN JAY",,,,,,1,,,,,,,8
"ARELLANO, VINCE ALBERT",,,,,,,1,,,,1,,11
"ZAMORA, MARIKO",,,,,,,,1,,,,,6
"COLICOT, CARLOS",,,,1,,1,,,1,,,,23
"CARAIG, LEO ALDRIN",,,,,,,,,1,1,,,9
"NEMIS, MARC",,,,,,,,,,,1,,4
"SALCEDO, RENANTE",,,,,,,,,,,1,,4
"LIMPO, CLEFZON",,,,,,,,,,,1,,4
"MARCELLANO, CHARLS LEANDRO L.",,,,,,,,,,,2,1,11
"PADRIGONE, DARWIN",,,,,,,,,,,1,,4
"GONZALES, JOHN STEPHEN",,,,,,,,,,,1,,4
"BAUTISTA, MIEL V.",,,,,,,,,,,1,,4
"FORTUS, ALLAN RECCI",,,,,,,,,,,1,,4
"PE BENITO, ANTHONY O.",,,,,,,,,,,1,,4
"YANZON, MERVINCE",,,,,,,,,,,2,1,11
"BACASMAS, GABRIELLE",,,,,,,,,,,2,,8
"YANZON, ELMER JR.",,,,,,,,,,,2,1,11
"TALAPIAN, TEORWIN",,1,1,,,,,,,,1,1,42
"DIRECTO, ROMELIO",,,,,,,,,,,1,,4
"YAMOG, MARK LESTER",,,,,,,,,,,1,,4
"ROBLES, PRINCE PAOLO",,,,,,,,,,,1,,4
"*** CRUZ, FLOREL",,,,,,,,,,,1,,4
"SALINAS, ROBERTO JR.",,,,,,,,,,,1,,4
"OMANA, LIAM BENEDICT",,,,,,,,,,,2,,8
"BRITANICO, CYRIL",,,,,,,,,,,1,,4
"ALLEVA, LUCKY ONE",,,,,,,,,,,1,,4
"AVELLANEDA, ANTHONY P.",,,,,,,,,,,1,1,7
"GELUA, RHAMMILLE IZELLE B.",,,,,,,,,,,1,,4
"MALALUAN, GUILBERTO",,,,,,,,,,,1,1,7
"CONSOLACION, PRECIOUS",,,,,,,,,,,1,,4
"BERNARDINO, FAYE",,,,,,,,,,,1,,4
"DIONISIO, FEDERICO",,,,,,,,,,,2,2,14
"SAGUBAN, DAVE TREVOR",,,,,,,,,,,1,1,7
"BALLESTEROS, LARRY",,,,,,,,,,,1,,4
"ORNIDO, ADRIAN MARTIN",,,,,,,,,,,1,,4
"TORRES, RENE",,,,,,,,,,,1,,4
"GONZALES, CHRISTIAN EMMANUEL",,,,,,,,,,,1,,4
"DE MESA, JOHN CALVIN",,,,,,,,,,,1,,4
"MEDRANO, DIONIVER",,,,,,,,,,,1,1,7
"GUILARAN, JHORLAN JAMES",,,,,,,,,,,1,,4
"INGLES, CLARK KENNETH",,,,,,,,,,,2,1,11
"BUETA, DENNIS",,,,,,,,,,,2,2,14
"BONIFACIO, PATRICK",,,,,,,,,,,1,,4
"PATUBO, L-MAR",,,,,,,,,,,1,,4
"GALANG, JAY-EL",,,,,1,,,,,,2,1,20
"ALIPOON, KENTRRY RYAN",,,,,,,,,,,1,,4
"SONEJA, DANTE",,,,,,,,,,,1,,4
"AZAOLA, MARK ALFONSO L.",,,,,,,,,,,1,,4
"TUPAS, MARK CHRISTOPHER",,,,,,,,,,,1,,4
"CLARITO, KYLE JHAZMIN P.",,,,,,,,,,,1,,4
"JARAMILLO, ALVIN",,,,,,,,,,,1,,4
"SAMILLANO, DIONISIO JR.",,,,,,,,,,,1,,4
"CUEVA, ADRIAN",,,,,,,,,,,1,1,7
"DIPAD, LEAH MAE",,,,,,,,,,,1,,4
"SELVIDO, FRANCA MARIE",,,,,,,,,,,1,,4
"SERRANO, ARIEL",,,,,,,,1,,,1,,10
"ALIVIO, JUNNIEC",,,,,,,,,,,1,,4
"TAPERO, MATTEO YOSEF",,,,,,,,,,,1,,4
"GADDI, MARIANNE VENICE",,,,,,,,,,,1,1,7
"MENDEZ, SOPHIA NATHALIE Y.",,,,,,,,,,,1,,4
"HUDENCIAL, GIAN MELISE",,,,,,,,,,,1,,4
"BAUTISTA, MA. CAISSA PAULEEN",,,,,,,,,,,1,,4
"ISIDRO, LAURICE MORISSETTE",,,,,,,,,,,1,,4
"CASTILLO, SEAN ETHAN",,,,,,,,,,,1,,4
"CINCO, RJ RUSSELL DR.",,,,,,,,,,,1,,4
"RUGASAN, NORALINDA",,,,,,,,,,,1,,4
"SISTER, RENE",,,,,,,,,,,1,1,7
"DOMINGO, JUAN MIGUEL",,,,,,,,,,,1,,4
"ABALOS, RENATO",,,,,,,,,,,1,,4
"VILLANUEVA, GREGORIO",,,,,,,,,,,1,,4
"ACOL, EDGAR",,,,,,,,,,,2,,8
"LAPLANA, MICHAEL L.",,,,,,,,,,,1,,4
"BUNGATO, ELVIN",,,,,,,,,,,1,,4
"CRUZ, JOHN ONDREI",,,,,,,,,,,1,,4
"REBULANAN, CHERYL",,,,,,,,,,,1,,4
"ANGELES, CITADEL",,,,,,,,,,,1,,4
"VILLARUZ, ANDREW JOHN A.",,,,,,,,,,,1,,4
"ABANES, MARIA FE",,,,,,,,,,,1,,4
"TUPAZ, ALDRIN",,,,,,,,,,,1,,4
"GONZALES, VLADIMIR P.",1,,,,,,,1,,,,,36
"MAHAWAN, JOHN PAUL LUNA",,,1,,,,,,,,,,15
"MAHAWAN, ARNEL LUNA JR.",,,,,1,1,,,,,,,17
"SY, ASHER JUDD",,,,,,,2,,,,,,14
"ALMADIN, JAN YUNIKO",,,,,,,,,,1,,,4
"TENORIO, RIAN PAUL",,,,,,,,,,,1,1,7
"ALVARADO, RICARDO B.",,,,,,,,,,,2,,8
"BALIWANG, MARK JOHN T.",,,,,,,,,,,1,,4
"TORENA, ZAFIRAH JAHLY",,,,,,,,,,,1,,4
"DIMATANGIHAN, ANICA SHEY M.",,,,,,,,,,,1,,4
"ECLEVIA, DANIEL GIL E.",,,,,,,,,,,1,,4
"LLERA, FIDEL",,,,,,,,,,,1,1,7
"CRUZ, FLOREL",,,,,,,,,,,1,2,10
"CAUBANG, LANCE",,,,,,,,,,,1,,4
"RIVERA, JOHN LUIS A.",,,,,,,,,,,2,,8
"TORENA, CLDE JARED",,,,,,,,,,,1,,4
"ARCEDE, RUEL",,,,,,,,,,,1,,4
"DELA CRUZ, RUDMARK",,,,,,,,,,,1,1,7
"GARCIA, CALEB ROYCE",,,,,,,,,,,1,,4
"GAFATE, RAINIER SANTI JESU S.",,,1,,,,,,,,1,,19
"SARAHAN, PRINCE NEEZHEL",,,,,,,,,,,1,,4
"SOSA, RENZ JEMUEL",,,,,,,,,,,1,,4
"DOBLON, ARIEL",,,,,,,,,,,1,,4
"GARCIA, IORA MEGAN",,,,,,,,,,,1,,4
"BAJARIAS, FRANCHEZKA F.",,,,,,,,,,,1,,4
"MELENDRES, III LEONIDES KARLO",,,,,,,,,,,1,,4
"SEBOLINO, REU GABRIEL",,,,,,,,,,,1,,4
"SUNGA, JOHN FREDERICK O.",,,,,,,,,,,1,,4
"PUSO, KING WHISLEY",,,,,1,,,,,,1,,13
"MACASPAC, ADRIEL NICOLAS",,,,,,,,,,,1,1,7
"MIRANDA, JOHN ARDEE",,,,,,,,,,,1,,4
"DUMADAG, LAURENCE WILFRED",,,,,,,,,,,1,1,7
"GRAVILLO, NATHANIEL",,,,,,,,,,,1,1,7
"MAGSALAY, KYROS ANDREI",,,,,,,,,,,1,,4
"ESPLANA, MANUEL",,,,,,,,,,,1,,4
"CALAMBA, JOHN MARK",,,,,,,,,,,1,,4
"AZARES, RANIEL V.",,,,,,,,,,,1,,4
"PABIANA, CEDRICK",,,,,,,,,,,1,,4
"TAGALAN, KEINTH MARC",,,,,,,,,,,1,,4
"MONTELLANO, JERWIN",,,,,,,,,,,1,,4
"JALLORINA, PAUL KIRA",,,,,,,,,,,1,,4
"CACATIAN, CHARLES KENTJOHN",,,,,,,,,,,1,,4
"CASTILLO, JULIO JOSE",,,,,,,,,,,1,,4
"PEREZ, WINSON",,,,,,,,,,,1,2,10
"LACOSTALES, JOHN MICHAEL",,,,,,,,,,,1,1,7
"MATSON, LOUIS ANGELO",,,,,,,,,,,1,,4
"GARCIA, ZEDEKIAH KENMEI",,,,,,,,,,,1,,4
"DIMATANGIHAN, ALDEN SHAWN",,,,,,,,,,,1,,4
"MANUMBILAO, MOHAMMAD",,,,,,,,,,,1,,4
"GADUT, EMCEL JULES V.",,,,,,,,,,,1,,4
"DIAZ, RAMCI",,,,,,,,,,,1,,4
"MARCOS, JEFFRY",,,,,,,,,,,1,,4
"GARCIA, LUKE CHRISTIAN",,,,,,,,,,,1,,4
"DELA CRUZ, SONNY",,,,,,,,,,,1,,4
"HAGUIMIT, AL NIKKO",,,,,,,,,,,1,1,7
"WABE, BENONI",,,,,,,,,,,1,,4
"SORIA, MARGUEL JR.",,,,,,,,,,,1,,4
"SANTIAGO, PRINCESS",,,,,,,,,,,1,,4
"LUMANAO, JACOB",,,,,,,,,,,1,,4
"SANTIAGO, STEPHANIE",,,,,,,,,,,1,,4
"ATUTUBO, REIN NATHANIEL",,,,,,,,,,,1,,4
"CRUZ, AMANDA",,,,,,,,,,,1,,4
"ESTORIL, ANDRADE",,,,,,,,,,,1,,4
"GUMILA, NARCISO JR.",1,,,,,,,1,,,,,36
"LUMIDAO, MERVIN",,1,,1,,,,,,,,,30
"FORTUNADO, JAY P C.",,,,,,1,,,,,,,8
"NICDAO, WILLIE JADE",,,,,,,1,,,1,,,11
"SUMAGANG, JAY-R",,,,,,,,,1,,,,5
"PALISOC, ROBERT CHRISTIAN V.",,,,,,,,,,1,,,4
"YAP, BERNARDO",,,,,,,,,,,1,,4
"CACHO, ROBERT C.",,,,,,,,,,,1,1,7
"VARGAS, PHIERREE JAZZ",,,,,,,,,,,1,,4
"GUATNO, MARLOU",,,,,,,,,,,,1,3
"LEGASPI, JERIC MARC EUTERIO R.",,,,,,,,,,,,1,3
"HILARIO, ALLAN GABRIEL P.",,,,,,,,,,,1,,4
"ENRIQUEZ, MICHAEL Q.",,,,,,,,,,,,2,6
"MAGPUSAO, ALMWAYNE D.",,,,,,,,,,,,1,3
"MACASPAC, ARTHUR",,,,,,,,,,,,2,6
"URSAL, DARWIN",,,,,,,,,,,,1,3
"STA. MONICA, ANTONIO JR.",,,,,,,,,,,,1,3
"OCAMPO, ROBI S.",,,,,,,,,,,,1,3
"JULGADO, BERNARD",,,,,,,,,,,,1,3
"URSAL, KRISTOFFERSON",,,,,,,,,,,,1,3
"ELLIS, ARNEL",,,,,,,,,,,,1,3
"LUCION, ROMMEL",,,,,,,,,,,,2,6
"LAT, JOSE LORENZO",,,,,,,,,,,,1,3
"TRASFIERO, EUGENE",,,,,,,,,,,,1,3
"CANCERAN, PAUL HAYDRICK",,,,,,,,,,,,1,3
"MAEJAN, HILSON JOHN",,,,,,,,,,,,1,3
"FERNANDEZ, KYLE NATHAN",,,,,,,,,,,,1,3
"DESPOY, JIANLIE",,,,,,,,,,,,1,3
"HERRERA, KRISTEL SHAYNE",,,,,,,,,,,1,,4
"TEJADA, JERICK",,,,,,,,,,,,1,3
"MELENDRES, LEONIDES KARLO III",,,,,,,,,,,,1,3
"VILLA, ERVIL M.",,,,,,,,,,,,2,6
"PINEDA, JERWIN",,,,,,,,,,,,1,3
"HUANG, AIDEN",,,,,,,,,,,,1,3
"DUENAS, REIANAH MAE",,,,,,,,,,,,1,3
"USI, MC XANDER",,,,,,,,,,,,1,3
"DELA CRUZ, JEFFREY",,,,,,,,,,,,2,6
"RAMIREZ, EZEKIEL V.",,,,,,,,,,,,1,3
"CONSTANTINO, MARLON",,,,,,,,,,,,1,3
"ESQUILLO, JONATHAN P.",,,,,,,,,,,,1,3
"PELAEZ, ELIJAH JAMES",,,,,,,,,,,,1,3
"HUANG, AUSTIN NICOLO",,,,,,,,,,,,1,3
"ZAMORA, NATHAN REI G.",,,,,,,,,,,,1,3
"MAHAWAN, CYRUS LUIS",1,,,,,,,,,,,,30
"PARADERO, GABRIEL RYAN",,1,,,,,,,,,,,20
"BRAVO, MARK",,,,,,,,,1,,,,5
"GLIFONEA, NOEL",,,,,,,,,,,1,,4
"SILVA, ZEDRIC",,,,,,,,,,,1,,4
"PRESENTE, JUAN CARLOS",,,,,,,,,,,,1,3
"MONDARES, DANIEL",,,,,,,,,,,1,,4
"VILLA, JOSHUA",,,,,,,,,,,,1,3
"PALISOC, ROBERT CHRISTIAN",,,,,,,,,,,,1,3
"FRATKIN, MARCUS E.",,,,,,,,,,,,1,3
"UY, AARON JEREMY",,,,,,,,,,,,1,3
"PANGAN, HANZ YATHEW",,,,,,,,,,,,1,3
"BAYANI, BRYCE CLARENCE S.",,,,,,,,,,,1,,4
"CRISTE, JAIME",,,,,,,,,,,,1,3
"ULANDAY, JUDYLITO",,,,,,,,,,,1,,4
"MANCENIDO, JOHNSON",,,,,,,,,,,,1,3
"SEGALES, ALEJANDRO",,,,,,,,,,,,1,3
"COCJIN, JOEL",,,,,,,,,,,,1,3
"FUNAYAMA, YUKIHIRO",,,,,,,,,,,,1,3
"OBOGNE, JOEL",,,,,,,,,,,,1,3
"ARIAS, DANIEL",,,,,,,,,,,,1,3
"SORITA, GARDY",,,,,,,,,,,,1,3
"VENTAYEN, MARK NOAH",,,,,,,,,,,,1,3
"MIRANDA, JIN CLARK MYCO",,,,,,,,,,,,1,3
"NOGUERA, PSALM LUKAS O.",,,,,,,,,,,,1,3
"PABLO, JOHN RAINE",,,,,,,,,,,,1,3
"LEGASPINA, JOHN MIGUEL M.",,,,,,,,,,,,1,3
"ATON, GABRIELLE",,,,,,,,,,,1,,4
"LOMIO, JOHN MARCUS",,,,,,,,,,,,1,3
"YAP, BERNIE",,,,,,,,,,,,1,3
"CHING, FRANCIS",,,,,,,,,,,,1,3
"CANIETE, MARIO S.",,,,,,,,,,,,1,3
"CABALLERO, EDWIN B.",,,,,,,,,,,,1,3
"PORTUGAL, LORENZO",,,,,,,,,,,,1,3
"MARASIGAN, CARLOS",,,,,,,,,,,,1,3
"JOCSON, RITCHIE",,,,,,,,,,,,1,3
"SINGSON, ADRIAN JOY",,,,,,,,,,,,1,3
"CALAR, ERWIN P.",,,,,,,,,,,,1,3
"ABISAN, ROGER",,,,,,,,,,,,1,3
"MACARIOLA, PAUL GENESIS",,,,,,,,,,,,1,3
"ARASAIN, AL MICHAEL D.",,,,,,,,,,,,1,3
"SANCHEZ, PAUL",,,,,,,,,,,,1,3
"PEREZ, ILANN",,,,,,,,,,,,1,3
