No,date,tournament,type,player,round,url
1,"June 28, 2026",CHESSMATES GRANDPRIX AVERAGE Rating 2000 & below,Team Swiss,90,6,https://s2.chess-results.com/tnr1447000.aspx
2,"June 27, 2026",CHESSMATES GRANDPRIX 2000 & BELOW,Individual Swiss,74,6,https://s2.chess-results.com/tnr1444477.aspx
3,"June 27, 2026",CHESSMATES GRANDPRIX 16 & Under - Side Event,Individual Swiss,34,6,https://s1.chess-results.com/tnr1444248.aspx
4,"May 31, 2026",Chessmates 3X3 Grand Prix 3 - 2000 and Below,Team Swiss,102,7,https://s2.chess-results.com/tnr1428138.aspx
5,"May 30, 2026",Chessmates Chess Grand Prix 3 - Road to Thailand2 1950 & Below,Individual Swiss,62,7,https://s2.chess-results.com/tnr1427390.aspx
6,"April 26, 2026",Chessmates 3X3 Grand Prix 2 - 2000 & BELOW,Team Swiss,114,7,https://s2.chess-results.com/tnr1402816.aspx
7,"April 18, 2026",Chessmates Chess Grand Prix 2 - Road to Thailand2 1950 & Below,Individual Swiss,80,7,https://s1.chess-results.com/tnr1394344.aspx
8,"March 7, 2026",3x3 Chessmates Team Tournament Grand Prix,Team Swiss,120,7,https://s3.chess-results.com/tnr1367525.aspx
9,"March 1, 2026",Chessmates Rapid Chess Grand Prix - 1950 & Below,Individual Swiss,84,7,https://s2.chess-results.com/tnr1363675.aspx
