No, TITLE,NAME,FIRST NAME, SEX,CMP_Rtg,,,,,,
1,,ABALOS,Renato,,1841,,,,,,
2,ACM,ABANES,Maria Fe,F,,,,,,,
3,AFM,ABELEDA,Ritchie James,,2054,,,,,,
4,,ABISAN,Roger,,1927,,,,,,
5,,ACOL,Edgar,,1884,,,,,,
6,,ADRA,Roderenz,,2046,,,,,,
7,,ADVINCULA,Raymark,,2067,,,,,,
8,NM,AGUILERA,Felix,,1842,,,,,,
9,NM,ALCODIA,Romeo,,2059,,,,,,
10,,ALIPOON,Kentrry Ryan,,1809,,,,,,
11,,ALIVIO,Junnie,,1638,,,,,,
12,,ALLEVA,Lucky One,,1692,,,,,,
13,,ALMADIN,Jan Yuniko,,1871,,,,,,
14,,ALVARADO,Ricardo B.,,1912,,,,,,
15,,ANGELES,Citadel,,,,,,,,
16,,ANTONIO,John Lee,,2042,,,,,,
17,,ARCEDE,Ruel,,1783,,,,,,
18,,ARELLANO,Vince Albert,,1884,,,,,,
19,,AREQUE,Jerry,,2120,,,,,,
20,,ARROYO,Christian,,2077,,,,,,
21,,ATUTUBO,Rein Nathaniel,,1613,,,,,,
22,,AUREADA,Renante,,2111,,,,,,
23,,AVELLANEDA,Anthony P.,,1766,,,,,,
24,,AVELLANEDA, Anthony P.,,1758,,,,,,
25,,AZAOLA,Mark Alfonso L.,,1847,,,,,,
26,,AZARES,Raniel V.,,1829,,,,,,
27,,BACASMAS,Gabrielle,F,1806,,,,,,
28,,BAJARIAS,Franchezka F.,F,1777,,,,,,
29,AGM,BALANAY,Marc Francis,,1966,,,,,,
30,,BALIWANG,Mark John T.,,1964,,,,,,
31,,BALLESTEROS,Larry,,1908,,,,,,
32,,BALMACEDA,Joseph,,1820,,,,,,
33,,BATCHO,Ricardo D.,,2176,,,,,,
34,,BAUTISTA,Ma. Caissa Pauleen,F,1674,,,,,,
35,,BAUTISTA,Miel V.,,1929,,,,,,
36,,BAUTISTA,Ruel,,1967,,,,,,
37,,BAYANI,Bryce Clarence S.,,1988,,,,,,
38,,BAYLOSIS,Daniel,,2116,,,,,,
39,,BELTRAN,King Xyan,,2007,,,,,,
40,,BERENGUILA,Marlon,,1920,,,,,,
41,,BERNARDINO,Faye,F,1794,,,,,,
42,NM,BERNARDO,Darry T.,,2236,,,,,,
43,NM,BIETE,Angele Tenshi T.,,2194,,,,,,
44,,BONIFACIO,Patrick,,1775,,,,,,
45,,BRAVO,Mark,,1967,,,,,,
46,,BRITANICO,Cyril,,1900,,,,,,
47,,BUETA,Dennis,,1857,,,,,,
48,,BUETA, Dennis,,1828,,,,,,
49,,BUNGATO,Elvin,,1566,,,,,,
50,,BUSA,Nelson Jr.,,2180,,,,,,
51,AIM,CABALES,John Peter Allen,,2020,,,,,,
52,,CACATIAN,Charles Kentjohn,,1778,,,,,,
53,,CACHO,Robert C.,,1943,,,,,,
54,,CAJERAS,Jerich,,2181,,,,,,
55,,CALAMBA,Christian Jacob,,1795,,,,,,
56,,CALAMBA,John Mark,,1648,,,,,,
57,,CALAR,Erwin P.,,1944,,,,,,
58,,CALASAN,Antonio Jr.,,1805,,,,,,
59,,CALUNGSOD,Kiev,,1754,,,,,,
60,,CANCERAN, Paul Haydrick,,1742,,,,,,
61,,CANIETE,Mario S.,,1812,,,,,,
62,NM,CANTELA,Lorenzo Aaron,,2046,,,,,,
63,NM,CANTELA,Oscar Joseph,,1973,,,,,,
64,,CAOILE,Michael Arman,,1978,,,,,,
65,,CARAIG,Leo Aldrin,,1950,,,,,,
66,,CARTEL,Gabriel James,,1915,,,,,,
67,,CASABUENA,Freddie,,2082,,,,,,
68,,CASTILLO,Julio Jose,,1699,,,,,,
69,,CASTILLO,Sean Ethan,,1599,,,,,,
70,,CAUBANG,Lance,,1903,,,,,,
71,,CERVANTES,Kurt Brayden,,1807,,,,,,
72,,CHUA,Mark Alvin,,1896,,,,,,
73,,CINCO,Rj Russell Dr.,,1589,,,,,,
74,,CLARITO,Kyle Jhazmin P.,F,1717,,,,,,
75,,CLEMENTE,Rogelio,,1851,,,,,,
76,,COLICOT, Carlos,,1987,,,,,,
77,,CONSOLACION,Precious,F,,,,,,,
78,,CONSTANTINO, Marlon,,1970,,,,,,
79,,CORRE,Jann Gil,,1987,,,,,,
80,AFM,CORTES,Djon Carlos Francis,,1901,,,,,,
81,,CREBILLO,Jefte,,2047,,,,,,
82,,CRISMO,Joshua Hesed G.,,1906,,,,,,
83,,CRISTE,Jaime,,1978,,,,,,
84,,CRUZ,Amanda,F,1575,,,,,,
85,,CRUZ,Florel,,1809,,,,,,
86,,CRUZ,John Ondrei,,,,,,,,
87,FM,CU,Ivan Travis,,2260,,,,,,
88,,CUEVA,Adrian,,1709,,,,,,
89,,CULANGAN,Randy,,1931,,,,,,
90,,DALAGAN,Sara,F,1925,,,,,,
91,,DE ASAS,Aaron Francis,,1927,,,,,,
92,,DE GUIA,Harris,,1998,,,,,,
93,,DE MESA,John Calvin,,1824,,,,,,
94,,DELA CRUZ,Sonny,,1784,,,,,,
95,,DELA CRUZ,Jeffrey,,1741,,,,,,
96,,DELA CRUZ,Rudmark,,1900,,,,,,
97,,DELFIN,Joel,,1928,,,,,,
98,,DELGADO,Jorge Jr. C.,,1988,,,,,,
99,,DELOS SANTOS,John Mauricc,,1944,,,,,,
100,,DELOS SANTOS,Don Tyrone,,2167,,,,,,
101,,DESPOY,Jianlie,,1726,,,,,,
102,,DIAZ,Ramci,,1768,,,,,,
103,,DIMATANGIHAN,Alden Shawn,,1713,,,,,,
104,,DIMATANGIHAN,Anica Shey M.,F,1811,,,,,,
105,,DIONISIO,Federico,,1796,,,,,,
106,,DIPAD,Leah Mae,F,1626,,,,,,
107,,DIRECTO,Romelio,,1940,,,,,,
108,,DOBLON,Ariel,,1784,,,,,,
109,,DOCOT,Jonathan,,2072,,,,,,
110,,DOMINGO,Juan Miguel,,,,,,,,
111,,DONGUINES,John Laurence J.,,2062,,,,,,
112,,DUENAS,Reianah Mae,,1447,,,,,,
113,,DULTRA,Jhune Angelo,,1985,,,,,,
114,,DUMADAG,Laurence Wilfred,,1856,,,,,,
115,,ECLEVIA,Daniel Gil E.,,1920,,,,,,
116,,ELLIS,Arnel,,1801,,,,,,
117,,ELPEDES,Andrew,,1919,,,,,,
118,,ENRIQUEZ,Michael Q.,,1916,,,,,,
119,,ERAMIS,Rojie Lyx,,1884,,,,,,
120,,ESCOBIDO,Elmer,,1613,,,,,,
121,,ESPLANA,Manuel,,1849,,,,,,
122,,ESQUILLO,Jonathan P.,,1741,,,,,,
123,,ESTORIL,Andrade,,0,,,,,,
124,NM,FAELDONIA,Jasper,,2222,,,,,,
125,,FERNANDEZ,Kyle Nathan,,1789,,,,,,
126,,FORTUNADO,Jay P C.,,1955,,,,,,
127,,FORTUS,Allan Recci,,,,,,,,
128,AIM,FRANCISCO,Cyrus Vladimir,,2194,,,,,,
129,,FRANCISCO,French Cobi J.,,1970,,,,,,
130,,FRANCISCO,Gian Carlisle J.,,1735,,,,,,
131,,GADDI,Marianne Venice,F,1680,,,,,,
132,AGM,GADDI,Johann Cedrick,,2048,,,,,,
133,,GADUT,Emcel Jules V.,,1926,,,,,,
134,,GAFATE,Rainier Santi Jesu S.,,1950,,,,,,
135,,GALANG,Jay-El,,1918,,,,,,
136,,GALVEZ,Mario,,1797,,,,,,
137,,GAMIS,Emir,,2023,,,,,,
138,,GAMUTAN,Emmanuel Joseph,,2002,,,,,,
139,,GARCIA,Caleb Royce,,1956,,,,,,
140,,GARCIA,Garry,,2118,,,,,,
141,,GARCIA,Iora Megan,,1704,,,,,,
142,,GARCIA,Luke Christian,,1449,,,,,,
143,,GARCIA,Zedekiah Kenmei,,1671,,,,,,
144,,GARCIA,John Andrew,,2092,,,,,,
145,IM,GARMA,Chito,,2165,,,,,,
146,,GELUA,Rhammille Izelle B.,F,1757,,,,,,
147,,GOLORAN,Jhulo,,2170,,,,,,
148,,GONZALES,Christian Emmanuel,,1663,,,,,,
149,,GONZALES,John Stephen,,1893,,,,,,
150,,GONZALES,Vladimir P.,,2018,,,,,,
151,,GRAVILLO,Nathaniel,,1862,,,,,,
152,,GRAVILLO,Norvin,,2082,,,,,,
153,,GUATNO,Marlou,,1927,,,,,,
154,,GUILARAN,Jhorlan James,,1740,,,,,,
155,,GUMILA,Narciso Jr.,,1995,,,,,,
156,,HAGUIMIT,Al Nikko,,1699,,,,,,
157,AIM,HERMIDA,Ronald,,1663,,,,,,
158,WNM,HERNANDEZ,Lexie Grace,F,2180,,,,,,
159,,HERRERA,Kristel Shayne,,1786,,,,,,
160,,HILARIO,Allan Gabriel P.,,1967,,,,,,
161,,HORNILLA,Reenan,,1977,,,,,,
162,,HUANG,Aiden,,0,,,,,,
163,,HUANG,Austin Nicolo,,0,,,,,,
164,,HUDENCIAL,Gian Melise,F,,,,,,,
165,,INGLES,Clark Kenneth,,1704,,,,,,
166,,ISIDRO,Laurice Morissette,F,1530,,,,,,
167,,JACUTINA,Marcus Louise,,1971,,,,,,
168,,JACUTINA,Floyd Devon,,1958,,,,,,
169,,JALLORINA,Paul Kira,,1654,,,,,,
170,ACM,JARAMILLO,Alvin,,1649,,,,,,
171,,JIMENEZ,Jethro F.,,2023,,,,,,
172,,JIMENEZ,Ricardo,,2075,,,,,,
173,,JOCSON,Ritchie,,1996,,,,,,
174,,JULGADO,Bernard,,1778,,,,,,
175,,LACOSTALES,John Michael,,1831,,,,,,
176,,LAIT,Vladimir Rhegz E.,,2139,,,,,,
177,,LALIMO,Christenzien Joshua,,2022,,,,,,
178,,LAPLANA,Michael L.,,1786,,,,,,
179,AIM,LAT,Jose Lorenzo,,1947,,,,,,
180,,LEGASPI,Gary,,2135,,,,,,
181,,LEGASPI,Jeric Marc Euterio R.,,1822,,,,,,
182,,LIBAY,Domingo,,2013,,,,,,
183,,LIGON,Francis,,1748,,,,,,
184,,LIM,Samson Chhiu Chhin Iii,,2096,,,,,,
185,,LIMPO,Clefzon,,1960,,,,,,
186,AIM,LIU,Josef Gabriel V.,,1902,,,,,,
187,NM,LIWAGON,Bob Jones,,1985,,,,,,
188,,LLERA,Fidel,,1919,,,,,,
189,,LOBITANA,Rafael M.,,2005,,,,,,
190,,LUCION,Rommel,,1929,,,,,,
191,,LUMANAO,Jacob,,1595,,,,,,
192,AIM,LUMIDAO,Mervin,,2002,,,,,,
193,,MAAMO,Harrison,,2096,,,,,,
194,,MAAMO,Kian,,1735,,,,,,
195,,MACASPAC,Adriel Nicolas,,1739,,,,,,
196,,MACASPAC,Arthur,,1922,,,,,,
197,,MADERA,John Adonairam O.,,1864,,,,,,
198,,MAEJAN,Hilson John,,1699,,,,,,
199,,MAGPUSAO,Almwayne D.,,1888,,,,,,
200,,MAGSALAY,Kyros Andrei,,1772,,,,,,
201,,MAHAWAN,Arnel Luna Jr.,,2016,,,,,,
202,AIM,MAHAWAN,John Paul Luna,,2055,,,,,,
203,,MALALUAN,Guilberto,,1695,,,,,,
204,,MANSANERO,Jefferson,,2065,,,,,,
205,,MANUMBILAO,Mohammad,,1776,,,,,,
206,,MANZANERO,Stephen Jr.,,2010,,,,,,
207,,MARCELLANA,Mark James,,2099,,,,,,
208,,MARCELLANO,Charls Leandro L.,,1906,,,,,,
209,,MARCOS,Jeffry,,1846,,,,,,
210,,MARIANO,Vincent,,2038,,,,,,
211,,MARIBAO,Alexis Emil,,2098,,,,,,
212,,MARTICIO,Jeremy B.,,2116,,,,,,
213,,MATSON,Louis Angelo,,1744,,,,,,
214,NM,MEDINA,Vince Angelo,,2089,,,,,,
215,,MEDRANO,Dioniver,,1823,,,,,,
216,,MELENDRES,Leonides Karlo Iii,,1837,,,,,,
217,,MENDEZ,Sophia Nathalie Y.,F,1600,,,,,,
218,,MENDOZA,Aeiona Lou Tomas,F,1798,,,,,,
219,,MENDOZA,Cheyzer Crystal Citadel,F,1828,,,,,,
220,,MIRANA,Leo,,2041,,,,,,
221,,MIRANDA,John Ardee,,1868,,,,,,
222,,MIRANO,Kevin,,2119,,,,,,
223,,MONTELLANO,Jerwin,,1743,,,,,,
224,NM,NAZARIO,Marc Christian,,2075,,,,,,
225,,NEMIS,Marc,,1880,,,,,,
226,,NICDAO,Willie Jade,,1949,,,,,,
227,,OBILLO,Rheybelle A.,,1944,,,,,,
228,,OCAMPO,Robi S.,,1834,,,,,,
229,AIM,OMANA,Liam Benedict,,1822,,,,,,
230,,ONCITA,Sumer Justine,,1995,,,,,,
231,,ORFANEL,James Emerson,,1704,,,,,,
232,AGM,ORIENDO,Jan Roldan,,2078,,,,,,
233,,ORNIDO,Adrian Martin,,1774,,,,,,
234,,OROZCO,John Perzeus,,1987,,,,,,
235,,PABIANA,Cedrick,,1761,,,,,,
236,,PABLO,Randy John,,1963,,,,,,
237,,PABLO,Roy John,,2020,,,,,,
238,,PADRIGONE,Darwin,,1867,,,,,,
239,,PALERMO,Ferdinand,,1987,,,,,,
240,,PALISOC, Robert Christian V.,,1930,,,,,,
241,,PALMA,Lee Roi,,2218,,,,,,
242,,PANOPIO,Rodolfo Jr.,,1975,,,,,,
243,,PANUELOS,Glenn Dale A.,,1832,,,,,,
244,AIM,PARADERO,Gabriel Ryan,,1928,,,,,,
245,,PATUBO,L-Mar,,1776,,,,,,
246,,PE BENITO,Anthony O.,,1944,,,,,,
247,,PELAEZ,Elijah James,,0,,,,,,
248,,PEREZ,Ilann,,1954,,,,,,
249,,PEREZ,Winson,,1817,,,,,,
250,,PINEDA,Jerwin,,1663,,,,,,
251,,PINGOL,Reynaldo,,1922,,,,,,
252,AIM,PUSO,King Whisley,,1894,,,,,,
253,,RAMIREZ,Ezekiel V.,,0,,,,,,
254,,RANCAP,Kelly T.,,2163,,,,,,
255,,REBULANAN,Cheryl,F,1626,,,,,,
256,,RECOSOSA,Ryan,,1994,,,,,,
257,,REYES,Narquingel,,2148,,,,,,
258,,REYES,Mark Gerald,,2101,,,,,,
259,,RIVERA,John Luis A.,,1903,,,,,,
260,,RIVERA,Richfield,,1996,,,,,,
261,AFM,ROBLES,Prince Paolo,,1899,,,,,,
262,AIM,ROJO,Jason,,1956,,,,,,
263,,ROMA,Alvin,,2059,,,,,,
264,,ROQUE,Joshua,,2050,,,,,,
265,NM,ROSAUPAN,Carlo Magno,,2039,,,,,,
266,,ROSAUPAN,Jan Lei Kian,,2022,,,,,,
267,,RUAYA,Virgen Gil C.,,2023,,,,,,
268,,RUGASAN,Noralinda,F,,,,,,,
269,AIM,SAGUBAN,Dave Trevor,,1856,,,,,,
270,,SALCEDO,Renante,,1954,,,,,,
271,,SALGADOS,Lennon Hart,,2146,,,,,,
272,,SALINAS,Roberto Jr.,,1858,,,,,,
273,,SALUBRE,Junrie,,1909,,,,,,
274,NM,SALVADOR,Louie,,2205,,,,,,
275,,SAMILLANO,Dionisio Jr.,,1773,,,,,,
276,,SAN ANTONIO,Andrew Jr. F.,,2063,,,,,,
277,,SANCHEZ,Paul,,1902,,,,,,
278,,SANTIAGO,Princess,F,,,,,,,
279,,SANTIAGO,Stephanie,F,,,,,,,
280,,SANTOS,Eduel,,1666,,,,,,
281,,SARAHAN,Prince Neezhel,,1855,,,,,,
282,,SARZUELO,Caleb Alexandre,,1816,,,,,,
283,AGM,SEBOLINO,Reu Gabriel,,1900,,,,,,
284,,SEGALES,Alejandro,,1868,,,,,,
285,,SELVIDO,Franca Marie,F,1592,,,,,,
286,,SERRANO,Ariel,F,1895,,,,,,
287,,SERRANO,Ariel,F,1934,,,,,,
288,AFM,SILVA,Zedric,,1913,,,,,,
289,,SIMON,John Rocel,,1949,,,,,,
290,AIM,SINGSON,Spencer,,1896,,,,,,
291,,SISTER,Rene,,1452,,,,,,
292,,SONEJA,Dante,,1780,,,,,,
293,,SORIA,Marguel Jr.,,1519,,,,,,
294,,SOSA,Renz Jemuel,,1683,,,,,,
295,,SOTTO,Mark Kevin,,1798,,,,,,
296,,STA. MONICA,Antonio Jr.,,1711,,,,,,
297,,SUMAGANG,Jay-R,,1968,,,,,,
298,,SUNGA,John Frederick O.,,1843,,,,,,
299,WNM,SUYAMIN,Bonjoure Fille B.,F,1945,,,,,,
300,,SY,Asher Judd,,1983,,,,,,
301,,TABLAN,Austin Jay,,1925,,,,,,
302,,TABOR,Erwin,,1926,,,,,,
303,,TAGALAN,Keinth Marc,,1674,,,,,,
304,,TALAPIAN,Teorwin,,1990,,,,,,
305,,TAPERO,Matteo Yosef,,1628,,,,,,
306,,TEJADA,Jerick,,1584,,,,,,
307,,TENDENCIA,Edwin,,1958,,,,,,
308,,TENORIO,Bernard,,1878,,,,,,
309,,TENORIO,Rian Paul,,2029,,,,,,
310,,THOMPSON,Christian Roche,,1803,,,,,,
311,,TIU,Sherwin,,2315,,,,,,
312,,TORENA,Clde Jared,,1988,,,,,,
313,,TORENA,Zafirah Jahly,F,1776,,,,,,
314,,TORRES,Rene,,1622,,,,,,
315,,TRASFIERO, Eugene,,1812,,,,,,
316,,TUPAS,Mark Christopher,,1752,,,,,,
317,,TUPAZ,Aldrin,,,,,,,,
318,,URSAL,Darwin,,1719,,,,,,
319,,URSAL,Kristofferson,,1900,,,,,,
320,,USI,Mc Xander,,1583,,,,,,
321,,VARGAS,Phierree Jazz,,1856,,,,,,
322,,VELARDE,Edilberto Jr.,,1956,,,,,,
323,,VILLA,Ervil M.,,1858,,,,,,
324,,VILLANUEVA,Gregorio,,1800,,,,,,
325,,VILLANUEVA,Jerome,,2230,,,,,,
326,,VILLARUZ,Andrew John A.,,1435,,,,,,
327,AFM,WABE,Benoni,,1778,,,,,,
328,,YAMOG,Mark Lester,,1842,,,,,,
329,,YANZON,Elmer Jr.,,1864,,,,,,
330,,YANZON,Mervince,,1823,,,,,,
331,,YAP,Bernardo,,1867,,,,,,
332,,YONGCO,Joshua Michael,,2054,,,,,,
333,,ZAMORA,Mariko,,1957,,,,,,
334,,ZAMORA,Nathan Rei G.,,0,,,,,,
