ID_No, TITLE,Name,FirstName, SEX,Rtg_Nat,Rtg_Int,Fed,Birthday,FIDE_No
A00037,,ABALOS,Renato,,1841,0,PHI,1968/00/00,521004293
CMP0001,ACM,ABANES,Maria Fe,F,,0,PHI,,115094721
A00123,AFM,ABELEDA,Ritchie James,,2054,2018,PHI,2006/00/00,5247144
A00184,,ABISAN,Roger,,1927,1776,PHI,1972/00/00,5227186
A00342,,Acol,Edgar,,1884,1879,PHI,1987/00/00,521038040
A00401,,ADRA,Roderenz,,2046,1750,PHI,2006/00/00,5270111
A00423,,ADVINCULA,Raymark,,2067,1805,PHI,1994/00/00,5287995
A00542,NM,AGUILERA,Felix,,1842,1866,PHI,1978/00/00,5227976
A00731,NM,ALCODIA,Romeo,,2059,1920,PHI,1972/00/00,5204488
A01374,,ALIPOON,Kentrry Ryan,,1809,1625,PHI,2006/00/00,521030502
A01543,,ALIVIO,Junnie,,1638,0,PHI,1988/00/00,0
A01593,,ALLEVA,Lucky One,,1692,1658,PHI,2007/00/00,5293715
A01612,,Almadin,Jan Yuniko,,1871,1542,PHI,2010/00/00,5274222
A01700,,Alvarado,Ricardo B.,,1912,1686,PHI,1962/00/00,521013020
A01876,,ANGELES,Citadel,,,0,PHI,,0
A01912,,ANTONIO,John Lee,,2042,1927,PHI,1988/00/00,5217164
A01963,,ARCEDE,Ruel,,1783,1772,PHI,1989/00/00,5224748
A01966,,ARELLANO,Vince Albert,,1884,1863,PHI,2003/00/00,5238005
A02894,,AREQUE,Jerry,,2120,1957,PHI,1971/00/00,5201284
A03255,,ARROYO,Christian,,2077,1891,PHI,1985/00/00,5203562
A03899,,Atutubo,Rein Nathaniel,,1613,0,PHI,2011/00/00,0
A05538,,AUREADA,Renante,,2111,1955,PHI,1987/00/00,5209137
A01912,,AVELLANEDA,Anthony P.,,1758,1831,PHI,21/04/1972,5250773
B00179,,AZAOLA,Mark Alfonso L.,,1847,1733,PHI,2009/00/00,5231795
B00290,,AZARES,Raniel V.,,1829,1685,PHI,1988/00/00,5257816
B00309,,Bacasmas,Gabrielle,F,1806,1460,PHI,2007/00/00,5281350
B00322,,Bajarias,Franchezka F.,F,1777,1571,PHI,2011/00/00,5295424
B00690,AGM,BALANAY,Marc Francis,,1966,1979,PHI,1998/00/00,5231078
B00802,,Baliwang,Mark John T.,,1964,1836,PHI,2008/00/00,5255724
B00813,,BALLESTEROS,Larry,,1908,0,PHI,1971/00/00,0
B00859,,BALMACEDA,Joseph,,1820,0,PHI,1977/00/00,5238013
B01049,,BATCHO,Ricardo D.,,2176,1998,PHI,1995/00/00,5222150
B01102,,BAUTISTA,Ma. Caissa Pauleen,F,1674,0,PHI,2014/00/00,5278112
B01120,,BAUTISTA,Miel V.,,1929,0,PHI,1980/00/00,5278058
B01190,,BAUTISTA,Ruel,,1967,0,PHI,1990/00/00,5235995
B01359,,BAYANI,Bryce Clarence S.,,1988,1625,PHI,2009/00/00,5259134
B01455,,BAYLOSIS,Daniel,,2116,1854,PHI,2005/00/00,5249775
B01479,,BELTRAN,King Xyan,,2007,1869,PHI,2012/00/00,521031576
B01577,,BERENGUILA,Marlon,,1920,0,PHI,1994/00/00,5257859
B01677,,BERNARDINO,Faye,F,1794,1606,PHI,1989/00/00,5215412
B02183,NM,BERNARDO,Darry T.,,2236,2106,PHI,2000/00/00,5219035
B02190,NM,BIETE,Angele Tenshi T.,,2194,2076,PHI,2006/00/00,5225779
B02303,,BONIFACIO,Patrick,,1775,1838,PHI,1985/00/00,5269857
B02725,,BRAVO,Mark,,1967,1872,PHI,1992/00/00,5224136
B03259,,BRITANICO,Cyril,,1900,1846,PHI,1956/00/00,5279836
B04820,,Bueta,Dennis,,1857,0,PHI,1980/00/00,5277540
B01577,,BUETA, Dennis,,1828,0,PHI,01/01/1980,5277540
C00228,,BUNGATO,Elvin,,1566,0,PHI,1994/00/00,0
C00322,,BUSA,Nelson Jr.,,2180,2059,PHI,1998/00/00,5212391
C00359,AIM,CABALES,John Peter Allen,,2020,1882,PHI,2010/00/00,5267722
C00669,,Cacatian,Charles Kentjohn,,1778,0,PHI,2012/00/00,0
C00228,,CACHO,Robert C.,,1943,1944,PHI,01/11/1973,5210291
C00698,,CAJERAS,Jerich,,2181,2068,PHI,1994/00/00,5212251
C00755,,CALAMBA,Christian Jacob,,1795,0,PHI,2007/00/00,5258707
C00901,,Calamba,John Mark,,1648,1451,PHI,2012/00/00,521054916
C01372,,CALAR,Erwin P.,,1944,1830,PHI,1974/00/00,5235154
C01410,,CALASAN,Antonio Jr.,,1805,0,PHI,,0
C01430,,CALUNGSOD,Kiev,,1754,0,PHI,,0
C05344,,CANCERAN, Paul Haydrick,,1742,0,PHI,21/04/2003,0
C01497,,CANIETE,Mario S.,,1812,1642,PHI,1988/00/00,5268672
C01593,NM,CANTELA,Lorenzo Aaron,,2046,1942,PHI,2004/00/00,5232562
C01757,NM,CANTELA,Oscar Joseph,,1973,1918,PHI,2007/00/00,5232570
C01770,,CAOILE,Michael Arman,,1978,0,PHI,1980/00/00,0
C01791,,Caraig,Leo Aldrin,,1950,1891,PHI,1988/00/00,5239370
C01878,,CARTEL,Gabriel James,,1915,1845,PHI,2008/00/00,521025398
C01895,,CASABUENA,Freddie,,2082,1930,PHI,2004/00/00,5268923
C01989,,Castillo,Julio Jose,,1699,0,PHI,2010/00/00,521056919
C02312,,CASTILLO,Sean Ethan,,1599,0,PHI,2013/00/00,521062838
C02418,,CAUBANG,Lance,,1903,1689,PHI,2011/00/00,521015783
C02545,,CERVANTES,Kurt Brayden,,1807,1639,PHI,2012/00/00,5281156
C02900,,CHUA,Mark Alvin,,1896,1828,PHI,1988/00/00,5235170
C02901,,CINCO,Rj Russell Dr.,,1589,0,PHI,2012/00/00,0
C02938,,CLARITO,Kyle Jhazmin P.,F,1717,1536,PHI,2012/00/00,5248965
C03158,,Clemente,Rogelio,,1851,0,PHI,1979/00/00,5261279
C01497,,COLICOT, Carlos,,1987,1783,PHI,09/01/1996,5282217
C03667,,CONSOLACION,Precious,F,,0,PHI,2008/00/00,521069522
C01593,,CONSTANTINO, Marlon,,1970,1885,PHI,18/10/1981,5217202
C04618,,CORRE,Jann Gil,,1987,0,PHI,2012/00/00,5255244
C04626,AFM,CORTES,Djon Carlos Francis,,1901,1809,PHI,2008/00/00,5271053
C04663,,CREBILLO,Jefte,,2047,1972,PHI,1987/00/00,521023026
C04817,,CRISMO,Joshua Hesed G.,,1906,1876,PHI,1992/00/00,5282225
C04844,,CRISTE,Jaime,,1978,1857,PHI,1992/00/00,5215501
C05024,,Cruz,Amanda,F,1575,0,PHI,1977/00/00,0
C01878,,CRUZ,Florel,,1809,1830,PHI,10/09/1966,5224144
C05731,,CRUZ,John Ondrei,,,0,PHI,,0
C01895,FM,CU,Ivan Travis,,2260,2134,PHI,2009/00/00,5245010
C04817,,CUEVA,Adrian,,1709,1774,PHI,24/01/2006,521073325
C01989,,CULANGAN,Randy,,1931,1876,PHI,1975/00/00,5247128
D00104,,DALAGAN,Sara,F,1925,1875,PHI,2007/00/00,5261996
D00322,,DE ASAS,Aaron Francis,,1927,1775,PHI,2009/00/00,5241081
D00357,,DE GUIA,Harris,,1998,1728,PHI,1995/00/00,5227364
D02120,,DE MESA,John Calvin,,1824,1740,PHI,1986/00/00,5267161
D00104,,Dela Cruz,Sonny,,1784,0,PHI,1992/00/00,521038074
D00803,,DELA CRUZ,Jeffrey,,1741,0,PHI,29/12/1984,5282233
D02513,,Dela Cruz,Rudmark,,1900,1766,PHI,2009/00/00,5286433
D00357,,DELFIN,Joel,,1928,1885,PHI,1991/00/00,5265282
D00803,,DELGADO,Jorge Jr. C.,,1988,1795,PHI,2005/00/00,5221358
D00803,,DELOS SANTOS,John Mauricc,,1944,1953,PHI,1990/00/00,5282250
D00886,,DELOS SANTOS,Don Tyrone,,2167,2146,PHI,1992/00/00,5210801
D03621,,DESPOY,Jianlie,,1726,0,PHI,27/04/2013,0
D00892,,Diaz,Ramci,,1768,0,PHI,1996/00/00,0
D00944,,Dimatangihan,Alden Shawn,,1713,1570,PHI,2013/00/00,5284287
D00955,,Dimatangihan,Anica Shey M.,F,1811,0,PHI,2010/00/00,5259266
D01228,,DIONISIO, Federico,,1796,1803,PHI,28/02/1964,5274478
D01247,,DIPAD,Leah Mae,F,1626,0,PHI,2000/00/00,0
D01311,,DIRECTO,Romelio,,1940,0,PHI,1977/00/00,0
D01406,,Doblon,Ariel,,1784,1742,PHI,1982/00/00,5281857
D01490,,DOCOT,Jonathan,,2072,2135,PHI,1993/00/00,5257905
D01492,,DOMINGO,Juan Miguel,,,0,PHI,2005/00/00,0
D01986,,DONGUINES,John Laurence J.,,2062,1981,PHI,2005/00/00,5274591
D03137,,DUENAS,Reianah Mae,,1447,0,PHI,01/01/2010,521035776
D02120,,DULTRA,Jhune Angelo,,1985,1896,PHI,2002/00/00,5248809
D02445,,Dumadag,Laurence Wilfred,,1856,1758,PHI,1974/00/00,5248310
D02483,,Eclevia,Daniel Gil E.,,1920,1667,PHI,2007/00/00,5245621
E00117,,ELLIS,Arnel,,1801,1671,PHI,11/12/1963,5222613
D02513,,ELPEDES,Andrew,,1919,1828,PHI,1978/00/00,5267188
E00218,,ENRIQUEZ,Michael Q.,,1916,0,PHI,04/08/1984,521045143
D03050,,ERAMIS,Rojie Lyx,,1884,1736,PHI,2009/00/00,521033170
D03403,,ESCOBIDO,Elmer,,1613,0,PHI,,0
D03592,,Esplana,Manuel,,1849,0,PHI,1979/00/00,521023034
E00422,,ESQUILLO,Jonathan P.,,1741,0,PHI,13/11/1996,0
E00126,,Estoril,Andrade,,0,0,PHI,,0
E00418,NM,FAELDONIA,Jasper,,2222,2003,PHI,2004/00/00,5227488
F01154,,FERNANDEZ,Kyle Nathan,,1789,0,PHI,12/09/2010,0
F00408,,FORTUNADO,Jay P C.,,1955,1804,PHI,21/12/1983,5210640
E00422,,FORTUS,Allan Recci,,,0,PHI,1981/00/00,0
E01200,AIM,FRANCISCO,Cyrus Vladimir,,2194,2018,PHI,2005/00/00,5223423
E01518,,FRANCISCO,French Cobi J.,,1970,1779,PHI,2011/00/00,5264014
E01788,,FRANCISCO,Gian Carlisle J.,,1735,1622,PHI,2013/00/00,5269431
F00031,,GADDI,Marianne Venice,F,1680,1584,PHI,2008/00/00,5247977
F00457,AGM,GADDI,Johann Cedrick,,2048,1876,PHI,2004/00/00,5246423
F00706,,GADUT,Emcel Jules V.,,1926,1818,PHI,2005/00/00,5231906
F00707,,Gafate,Rainier Santi Jesu S.,,1950,1636,PHI,2008/00/00,5245036
G00105,,GALANG,Jay-El,,1918,1683,PHI,20/12/1975,5223830
G00052,,GALVEZ,Mario,,1797,0,PHI,1983/00/00,0
G00062,,GAMIS,Emir,,2023,1936,PHI,1981/00/00,5210658
G00064,,GAMUTAN,Emmanuel Joseph,,2002,0,PHI,2002/00/00,521025401
G00105,,Garcia,Caleb Royce,,1956,1604,PHI,2014/00/00,5262313
G00218,,GARCIA,Garry,,2118,2120,PHI,1982/00/00,5207339
G00241,,Garcia,Iora Megan,,1704,0,PHI,2011/00/00,0
G00253,,Garcia,Luke Christian,,1449,0,PHI,2013/00/00,0
G00400,,Garcia,Zedekiah Kenmei,,1671,0,PHI,2011/00/00,0
G00429,,GARCIA,John Andrew,,2092,1980,PHI,2006/00/00,521024863
G00700,IM,GARMA,Chito,,2165,2181,PHI,1964/00/00,5200342
G00779,,GELUA,Rhammille Izelle B.,F,1757,1578,PHI,2012/00/00,521025550
G00816,,GOLORAN,Jhulo,,2170,1930,PHI,1999/00/00,5230217
G00865,,GONZALES,Christian Emmanuel,,1663,0,PHI,2012/00/00,0
G00867,,GONZALES,John Stephen,,1893,0,PHI,1998/00/00,0
G00816,,GONZALES,Vladimir P.,,2018,1925,PHI,16/10/1998,5233453
G01393,,Gravillo,Nathaniel,,1862,0,PHI,1991/00/00,521059128
G01394,,GRAVILLO,Norvin,,2082,1852,PHI,1993/00/00,5214548
G00896,,GUATNO,Marlou,,1927,1822,PHI,27/02/1988,5288061
G01444,,GUILARAN,Jhorlan James,,1740,0,PHI,1993/00/00,0
G01038,,GUMILA,Narciso Jr.,,1995,1921,PHI,17/11/1987,5222230
H00667,,Haguimit,Al Nikko,,1699,0,PHI,1990/00/00,0
G02799,AIM,HERMIDA,Ronald,,1663,1785,PHI,1987/00/00,5217253
G02976,WNM,HERNANDEZ,Lexie Grace,F,2180,1982,PHI,2005/00/00,5238480
H00151,,HERRERA,Kristel Shayne,,1786,1562,PHI,06/09/1997,5274613
H00174,,HILARIO,Allan Gabriel P.,,1967,1930,PHI,21/08/2007,5232317
H00085,,HORNILLA,Reenan,,1977,1809,PHI,1977/00/00,5215692
CMP0002,,HUANG,Aiden,,0,0,PHI,18/12/2018,0
CMP0003,,HUANG,Austin Nicolo,,0,0,PHI,07/11/2017,0
H00139,,HUDENCIAL,Gian Melise,F,,0,PHI,2005/00/00,0
H00174,,Ingles,Clark Kenneth,,1704,0,PHI,1983/00/00,521060290
H00222,,ISIDRO,Laurice Morissette,F,1530,0,PHI,2014/00/00,5293774
H00667,,JACUTINA,Marcus Louise,,1971,1721,PHI,2003/00/00,521008205
I00337,,JACUTINA,Floyd Devon,,1958,1713,PHI,1998/00/00,5281180
I00491,,Jallorina,Paul Kira,,1654,1508,PHI,2013/00/00,521036837
J00023,ACM,JARAMILLO,Alvin,,1649,1521,PHI,1991/00/00,521032459
J00179,,JIMENEZ,Jethro F.,,2023,1886,PHI,1968/00/00,21503125
J00182,,JIMENEZ,Ricardo,,2075,1899,PHI,1969/00/00,5214335
J00193,,JOCSON,Ritchie,,1996,1942,PHI,1978/00/00,5244722
J00628,,JULGADO,Bernard,,1778,1572,PHI,14/03/2006,521013080
L00112,,Lacostales,John Michael,,1831,0,PHI,1997/00/00,0
J00720,,LAIT,Vladimir Rhegz E.,,2139,1790,PHI,2006/00/00,521023786
J00735,,LALIMO,Christenzien Joshua,,2022,1861,PHI,2003/00/00,5243947
L00112,,LAPLANA,Michael L.,,1786,0,PHI,1989/00/00,0
L00382,AIM,LAT,Jose Lorenzo,,1947,1805,PHI,07/09/1997,5215749
L00235,,LEGASPI,Gary,,2135,1954,PHI,1967/00/00,5209404
L02189,,LEGASPI,Jeric Marc Euterio R.,,1822,1607,PHI,20/02/2015,521031908
L00328,,LIBAY,Domingo,,2013,0,PHI,1989/00/00,5223873
L00549,,LIGON,Francis,,1748,0,PHI,1992/00/00,5208343
L00606,,LIM,Samson Chhiu Chhin Iii,,2096,2104,PHI,2000/00/00,5221854
L00635,,LIMPO,Clefzon,,1960,1861,PHI,1981/00/00,5257972
L00696,AIM,LIU,Josef Gabriel V.,,1902,1674,PHI,1997/00/00,5260094
L00720,NM,LIWAGON,Bob Jones,,1985,2117,PHI,1983/00/00,5252709
L02031,,LLERA,Fidel,,1919,1780,PHI,01/01/2004,521001235
L00785,,LOBITANA,Rafael M.,,2005,1959,PHI,1994/00/00,521050902
L01055,,LUCION,Rommel,,1929,1909,PHI,05/12/1981,5215781
L01055,,Lumanao,Jacob,,1595,0,PHI,2010/00/00,0
L01124,AIM,LUMIDAO,Mervin,,2002,2101,PHI,08/09/1984,5209439
L01529,,MAAMO,Harrison,,2096,2058,PHI,1978/00/00,5210127
L02031,,MAAMO,Kian,,1735,0,PHI,,0
M00110,,MACASPAC,Adriel Nicolas,,1739,0,PHI,27/12/2011,5230225
M00111,,MACASPAC,Arthur,,1922,1916,PHI,03/08/1973,2017431
M00110,,MADERA,John Adonairam O.,,1864,0,PHI,2010/00/00,0
M04086,,MAEJAN,Hilson John,,1699,0,PHI,29/09/1995,521062145
M02504,,MAGPUSAO,Almwayne D.,,1888,1736,PHI,03/06/2010,5266998
M00349,,Magsalay,Kyros Andrei,,1772,1583,PHI,2016/00/00,521062366
M00350,,Mahawan,Arnel Luna Jr.,,2016,1861,PHI,2010/00/00,5241189
M00393,AIM,Mahawan,John Paul Luna,,2055,1696,PHI,2005/00/00,5241197
M00730,,MALALUAN,Guilberto,,1695,1605,PHI,1971/00/00,5225914
M00762,,MANSANERO,Jefferson,,2065,1993,PHI,1994/00/00,5216419
M00845,,Manumbilao,Mohammad,,1776,0,PHI,1991/00/00,0
M00861,,MANZANERO,Stephen Jr.,,2010,1952,PHI,1983/00/00,5238170
M00912,,MARCELLANA,Mark James,,2099,2017,PHI,2000/00/00,5211123
M00918,,Marcellano,Charls Leandro L.,,1906,1665,PHI,2007/00/00,5249287
M00989,,Marcos,Jeffry,,1846,1719,PHI,1989/00/00,5266190
M01207,,MARIANO,Vincent,,2038,1764,PHI,2004/00/00,5269733
M01219,,MARIBAO,Alexis Emil,,2098,2077,PHI,1992/00/00,5226678
M01317,,MARTICIO,Jeremy B.,,2116,1945,PHI,2005/00/00,5222281
M01590,,Matson,Louis Angelo,,1744,1598,PHI,2009/00/00,5293839
M01605,NM,MEDINA,Vince Angelo,,2089,1955,PHI,1996/00/00,5205069
M01623,,MEDRANO,Dioniver,,1823,1573,PHI,1964/00/00,5219493
M05571,,MELENDRES,Leonides Karlo Iii,,1837,0,PHI,1979/00/00,0
M02008,,MENDEZ,Sophia Nathalie Y.,F,1600,0,PHI,2014/00/00,0
M02082,,MENDOZA,Aeiona Lou Tomas,F,1798,1509,PHI,2011/00/00,5262038
M02356,,MENDOZA,Cheyzer Crystal Citadel,F,1828,1753,PHI,1991/00/00,5214807
M02504,,MIRANA,Leo,,2041,1877,PHI,1981/00/00,5278910
M02619,,Miranda,John Ardee,,1868,1492,PHI,1989/00/00,5272092
M04438,,MIRANO,Kevin,,2119,2082,PHI,1991/00/00,5207789
M04569,,Montellano,Jerwin,,1743,1564,PHI,1981/00/00,521025886
M04801,NM,NAZARIO,Marc Christian,,2075,2002,PHI,1994/00/00,5202191
M05571,,NEMIS,Marc,,1880,1807,PHI,2007/00/00,5276780
N00298,,NICDAO,Willie Jade,,1949,1641,PHI,04/04/1994,5288100
O00027,,OBILLO,Rheybelle A.,,1944,0,PHI,01/12/1983,0
O00857,,OCAMPO,Robi S.,,1834,1732,PHI,02/02/2009,521003629
N00488,AIM,Omana,Liam Benedict,,1822,1642,PHI,2011/00/00,521010510
O00027,,ONCITA,Sumer Justine,,1995,1841,PHI,2010/00/00,5265142
O00281,,ORFANEL,James Emerson,,1704,1675,PHI,1995/00/00,5270022
O00392,AGM,ORIENDO,Jan Roldan,,2078,1873,PHI,1991/00/00,5213622
O00399,,ORNIDO,Adrian Martin,,1774,0,PHI,2013/00/00,521062900
O00423,,OROZCO,John Perzeus,,1987,2042,PHI,1982/00/00,5203244
O00878,,Pabiana,Cedrick,,1761,1580,PHI,2013/00/00,521070687
O01226,,PABLO,Randy John,,1963,0,PHI,,0
P00025,,PABLO,Roy John,,2020,0,PHI,,0
P00291,,PADRIGONE,Darwin,,1867,1777,PHI,2005/00/00,5281636
P00311,,PALERMO,Ferdinand,,1987,1819,PHI,1968/00/00,5207487
P01611,,PALISOC,Robert Christian V.,,1930,1777,PHI,18/07/2006,5271940
P00487,,PALMA,Lee Roi,,2218,2055,PHI,2002/00/00,5219051
P00766,,PANOPIO,Rodolfo Jr.,,1975,1949,PHI,1970/00/00,5202752
P00922,,PANUELOS,Glenn Dale A.,,1832,1726,PHI,2011/00/00,5278520
P01581,,PARAGUYA,Yuri Lei,,2063,1953,PHI,28/04/2008,5267200
P00955,AIM,PARADERO,Gabriel Ryan,,1928,1937,PHI,2009/00/00,5244382
P01361,,PATUBO,L-Mar,,1776,1526,PHI,2013/00/00,5292255
P01511,,PE BENITO,Anthony O.,,1944,0,PHI,1980/00/00,0
CMP0004,,PELAEZ,Elijah James,,0,0,PHI,,0
P01611,,PEREZ,Ilann,,1954,0,PHI,1959/00/00,5203341
P00955,,PEREZ,Winson,,1817,1679,PHI,22/04/1961,5272246
CMP0005,,PINEDA,Jerwin,,1663,0,PHI,,0
P01995,,PINGOL,Reynaldo,,1922,0,PHI,1969/00/00,0
P02218,AIM,Puso,King Whisley,,1894,1808,PHI,2009/00/00,5241863
CMP0006,,RAMIREZ,Ezekiel V.,,0,0,PHI,,0
P02886,,RANCAP,Kelly T.,,2163,1983,PHI,1992/00/00,5223601
P02889,,REBULANAN,Cheryl,F,1626,0,PHI,,521076197
R00190,,RECOSOSA,Ryan,,1994,1897,PHI,1985/00/00,5283973
R00298,,REYES,Narquingel,,2148,2056,PHI,1992/00/00,5206910
R00551,,REYES,Mark Gerald,,2101,1983,PHI,2004/00/00,5244757
R00552,,Rivera,John Luis A.,,1903,1577,PHI,2011/00/00,5259533
R00629,,RIVERA,Richfield,,1996,1888,PHI,1988/00/00,5215978
R00685,AFM,ROBLES,Prince Paolo,,1899,1701,PHI,1998/00/00,521003637
R00752,AIM,ROJO,Jason,,1956,1899,PHI,1985/00/00,5209684
R00766,,ROMA,Alvin,,2059,2022,PHI,1989/00/00,5215986
R00824,,ROQUE,Joshua,,2050,1907,PHI,2006/00/00,5227780
R00865,NM,ROSAUPAN,Carlo Magno,,2039,1956,PHI,1989/00/00,5204194
R00921,,ROSAUPAN,Jan Lei Kian,,2022,1976,PHI,2005/00/00,5264332
R01002,,RUAYA,Virgen Gil C.,,2023,1985,PHI,1994/00/00,5214653
R01234,,RUGASAN,Noralinda,F,,0,PHI,2004/00/00,0
S00091,AIM,SAGUBAN,Dave Trevor,,1856,1787,PHI,27/10/1996,5281660
S00091,,SALCEDO,Renante,,1954,0,PHI,,0
S00221,,SALGADOS,Lennon Hart,,2146,2120,PHI,1991/00/00,5204216
S00240,,SALINAS,Roberto Jr.,,1858,1614,PHI,1969/00/00,521072965
S00278,,SALUBRE,Junrie,,1909,0,PHI,1984/00/00,0
S00321,NM,SALVADOR,Louie,,2205,2163,PHI,1990/00/00,5216036
S00370,,SAMILLANO,Dionisio Jr.,,1773,0,PHI,1995/00/00,0
S00482,,SAN ANTONIO,Andrew Jr. F.,,2063,1843,PHI,2006/00/00,5291941
S00626,,SANCHEZ,Paul,,1902,1821,PHI,1983/00/00,5258081
S00820,,Santiago,Princess,F,,0,PHI,2006/00/00,0
S00839,,Santiago,Stephanie,F,,0,PHI,2003/00/00,0
S00924,,SANTOS,Eduel,,1666,1758,PHI,1983/00/00,5270685
S00924,,Sarahan,Prince Neezhel,,1855,0,PHI,2003/00/00,521010897
S01087,,SARZUELO,Caleb Alexandre,,1816,1666,PHI,2010/00/00,5268818
S01118,AGM,Sebolino,Reu Gabriel,,1900,1882,PHI,1995/00/00,5212278
S01261,,SEGALES,Alejandro,,1868,1839,PHI,1974/00/00,5265380
S01498,,SELVIDO,Franca Marie,F,1592,0,PHI,2013/00/00,521033021
S01539,,SERRANO,Ariel,F,1895,1803,PHI,1993/00/00,5279747
S02012,AFM,SILVA,Zedric,,1913,1886,PHI,2007/00/00,5293910
S02046,,SIMON,John Rocel,,1949,1840,PHI,2005/00/00,5227810
S02234,AIM,SINGSON,Spencer,,1896,1824,PHI,1997/00/00,5223962
S04064,,SISTER,Rene,,1452,1465,PHI,1987/00/00,521070121
S02619,,SONEJA,Dante,,1780,0,PHI,1967/00/00,0
S02689,,Soria,Marguel Jr.,,1519,1510,PHI,2015/00/00,5272181
S03131,,Sosa,Renz Jemuel,,1683,1667,PHI,2013/00/00,521042489
S03283,,SOTTO,Mark Kevin,,1798,0,PHI,,0
CMP0007,,STA. MONICA,Antonio Jr.,,1711,0,PHI,,0
S01439,,SUMAGANG,Jay-R,,1968,1905,PHI,28/03/1991,5237670
S04064,,Sunga,John Frederick O.,,1843,1646,PHI,2003/00/00,5250234
S04258,WNM,SUYAMIN,Bonjoure Fille B.,F,1945,1814,PHI,2009/00/00,5234697
S04477,,Sy,Asher Judd,,1983,1784,PHI,2012/00/00,521000522
S04478,,TABLAN,Austin Jay,,1925,1687,PHI,2006/00/00,5238641
T00044,,TABOR,Erwin,,1926,1867,PHI,1978/00/00,5236240
T00055,,Tagalan,Keinth Marc,,1674,0,PHI,2011/00/00,0
T00170,,TALAPIAN,Teorwin,,1990,1918,PHI,10/12/1987,5258103
T00455,,TAPERO,Matteo Yosef,,1628,0,PHI,2017/00/00,521010552
T02591,,TEJADA,Jerick,,1584,1482,PHI,21/11/2010,521071136
T00468,,TENDENCIA,Edwin,,1958,1880,PHI,1973/00/00,521027447
T00509,,TENORIO,Bernard,,1878,1672,PHI,1991/00/00,5270090
T00607,,Tenorio,Rian Paul,,2029,1794,PHI,2007/00/00,5248051
T01075,,THOMPSON,Christian Roche,,1803,1683,PHI,2003/00/00,5246482
T01399,,TIU,Sherwin,,2315,2177,PHI,1991/00/00,5210151
T01400,,Torena,Clde Jared,,1988,1790,PHI,2015/00/00,5266726
T01760,,Torena,Zafirah Jahly,F,1776,1557,PHI,2012/00/00,5266734
T02580,,TORRES,Rene,,1622,0,PHI,1966/00/00,0
T00797,,TRASFIERO, Eugene,,1812,0,PHI,08/01/1956,5217318
T02934,,TUPAS,Mark Christopher,,1752,0,PHI,,0
V00172,,TUPAZ,Aldrin,,,0,PHI,,0
CMP0008,,URSAL,Darwin,,1719,0,PHI,,0
U00084,,URSAL,Kristofferson,,1900,0,PHI,,0
CMP0009,,USI,Mc Xander,,1583,0,PHI,,0
CMP0010,,VARGAS,Phierree Jazz,,1856,0,PHI,,0
V00172,,VELARDE,Edilberto Jr.,,1956,1918,PHI,1971/00/00,5219809
V00377,,VILLA,Ervil M.,,1858,1847,PHI,1979/00/00,5216095
V00500,,VILLANUEVA,Gregorio,,1800,1608,PHI,1967/00/00,5268109
V01585,,VILLANUEVA,Jerome,,2230,2028,PHI,1993/00/00,5217490
W00002,,VILLARUZ,Andrew John A.,,1435,0,PHI,2008/00/00,521077215
Y00018,AFM,Wabe,Benoni,,1778,1822,PHI,1977/00/00,5211344
Y00040,,YAMOG,Mark Lester,,1842,1693,PHI,1982/00/00,5225639
Y00040,,YANZON,Elmer Jr.,,1864,0,PHI,01/11/1965,0
Y00041,,YANZON,Mervince,,1823,0,PHI,27/02/1998,0
CMP0011,,YAP,Bernardo,,1867,0,PHI,12/11/1962,0
Y00137,,YONGCO,Joshua Michael,,2054,1801,PHI,2005/00/00,5221811
Z00037,,ZAMORA,Mariko,,1957,1798,PHI,1995/00/00,521052085
Z00130,,ZAMORA,Nathan Rei G.,,0,0,PHI,,0
